Fielder,Catches
MS Dhoni,142
KD Karthik,141
AB de Villiers,118
SK Raina,106
V Kohli,106
KA Pollard,97
RG Sharma,97
S Dhawan,96
RV Uthappa,92
RA Jadeja,90
WP Saha,87
DA Warner,81
MK Pandey,81
SV Samson,76
F du Plessis,73
DA Miller,70
AM Rahane,69
DJ Bravo,69
PA Patel,69
Q de Kock,67
NV Ojha,65
SA Yadav,64
AT Rayudu,64
RR Pant,64
KL Rahul,63
HH Pandya,58
MA Agarwal,56
AR Patel,56
SPD Smith,53
JC Buttler,52
AC Gilchrist,51
DJ Hooda,50
M Vijay,48
MK Tiwary,46
KC Sangakkara,45
GJ Maxwell,44
Ishan Kishan,43
YK Pathan,41
DR Smith,41
SS Iyer,39
KS Williamson,39
Harbhajan Singh,38
Mandeep Singh,38
SR Watson,38
KH Pandya,38
BB McCullum,37
R Ashwin,37
EJG Morgan,36
CH Morris,36
PP Chawla,36
Shubman Gill,36
UT Yadav,35
Rashid Khan,35
V Sehwag,34
DPMD Jayawardene,33
R Tewatia,32
RA Tripathi,31
R Vinay Kumar,31
RD Gaikwad,31
KM Jadhav,31
JH Kallis,30
R Parag,30
CH Gayle,30
AJ Finch,29
Yuvraj Singh,29
AD Russell,29
JP Duminy,28
G Gambhir,28
IK Pathan,28
SO Hetmyer,28
RP Singh,27
TA Boult,27
MC Henriques,27
MEK Hussey,26
DT Christian,26
B Kumar,26
SE Marsh,26
SS Tiwary,25
Mohammed Siraj,25
V Shankar,25
SN Thakur,25
DJ Hussey,25
N Pooran,25
N Rana,24
D Padikkal,24
R Bhatia,23
KK Nair,23
BA Stokes,23
SR Tendulkar,23
BJ Hodge,22
RK Singh,22
SC Ganguly,22
YS Chahal,22
HH Gibbs,22
DW Steyn,22
CL White,22
TG Southee,21
K Rabada,21
MM Sharma,21
Gurkeerat Singh,20
Z Khan,20
JM Bairstow,20
MS Bisla,20
M Manhas,20
TM Dilshan,20
MP Stoinis,20
A Symonds,20
AD Mathews,19
JD Unadkat,19
A Mishra,19
STR Binny,19
SW Billings,19
SB Jakati,19
AK Markram,19
LRPL Taylor,18
RJ Harris,18
R Dravid,18
Abdul Samad,18
DS Kulkarni,18
HV Patel,18
MM Ali,18
M Kartik,18
SP Goswami,17
A Nehra,17
S Dube,17
Shahbaz Ahmed,17
Mohammed Shami,17
SP Narine,17
JA Morkel,17
RD Chahar,17
M Rawat,16
JP Faulkner,16
K Gowtham,16
PP Shaw,16
TH David,16
J Botha,16
S Badrinath,16
I Sharma,16
MA Starc,16
M Kaif,15
Lalit Yadav,15
MG Johnson,15
Ravi Bishnoi,15
SL Malinga,15
Shivam Mavi,15
LS Livingstone,15
Sandeep Sharma,14
MV Boucher,14
M Muralitharan,14
VR Iyer,14
JO Holder,14
YBK Jaiswal,14
Tilak Varma,14
PP Ojha,14
M Shahrukh Khan,14
SM Curran,14
AM Nayar,13
LR Shukla,13
Y Venugopal Rao,13
CJ Jordan,13
P Kumar,13
M Vohra,13
YV Takawale,13
P Negi,13
NLTC Perera,12
MM Patel,12
SK Trivedi,12
DH Yagnik,12
KV Sharma,12
Iqbal Abdulla,12
CA Lynn,12
KP Pietersen,12
Shakib Al Hasan,12
JM Sharma,12
KB Arun Karthik,11
KK Cooper,11
ML Hayden,11
GJ Bailey,11
N Saini,11
M Morkel,11
JJ Bumrah,11
SK Warne,11
DB Ravi Teja,11
DL Chahar,11
Anuj Rawat,11
CJ Anderson,11
S Nadeem,11
Kuldeep Yadav,11
S Anirudha,11
Washington Sundar,11
DL Vettori,11
Mohammad Nabi,11
NM Coulter-Nile,10
R Sharma,10
JD Ryder,10
DR Sams,10
Abhishek Sharma,10
TL Suman,10
R Powell,10
A Badoni,10
Rahmanullah Gurbaz,10
MR Marsh,10
SN Khan,10
BCJ Cutting,10
LMP Simmons,10
JJ Roy,10
AA Jhunjhunwala,10
PR Shah,10
WD Parnell,9
DJG Sammy,9
E Lewis,9
AS Raut,9
A Kumble,9
K Goel,9
R Dhawan,9
L Balaji,9
M Prasidh Krishna,9
J Suchith,9
PK Garg,9
Aman Hakim Khan,9
A Ashish Reddy,8
Imran Tahir,8
NA Saini,8
Avesh Khan,8
DP Conway,8
B Lee,8
UBT Chand,8
DP Nannes,8
PJ Cummins,8
A Nortje,8
A Manohar,8
J Suchith (sub),8
S Kaul,8
CV Varun,8
LA Pomersbach,7
A Mithun,7
MJ Guptill,7
GC Smith,7
Azhar Mahmood,7
OA Shah,7
DB Das,7
AJ Tye,7
D Wiese,7
SP Jackson,7
Harpreet Brar,7
MK Lomror,7
M Ashwin,7
Arshdeep Singh,7
AF Milne,7
JDP Oram,7
M Jansen,7
Bipul Sharma,7
RN ten Doeschate,7
AB Dinda,7
MS Wade,7
PJ Sangwan,7
JC Archer,7
MN van Wyk,7
AS Roy (sub),6
FY Fazal,6
Niraj Patel,6
VY Mahesh,6
T Natarajan,6
RE van der Merwe,6
C Sakariya,6
DE Bollinger,6
DR Shorey (sub),6
H Klaasen,6
CR Woakes,6
GH Vihari,6
IC Pandey,6
C de Grandhomme,6
SA Asnodkar,6
JEC Franklin,6
CA Pujara,6
Anureet Singh,5
DA Miller (sub),5
R McLaren,5
S Gopal,5
MJ Lumb,5
WA Mota,5
JR Hopes,5
SS Prabhudessai,5
RR Powar,5
J Yadav,5
Sachin Baby,5
HR Shokeen,5
RM Patidar,5
J Little,5
KL Nagarkoti (sub),5
Y Nagar,5
SW Tait,5
RR Rossouw,5
SE Rutherford,5
Joginder Sharma,5
LH Ferguson,5
C Green,5
M Markande,5
R Sathish,5
CR Brathwaite,5
S Aravind,5
KMA Paul,5
Atharva Taide,5
PD Salt,5
SS Prabhudessai (sub),5
M Pathirana,5
KW Richardson,5
Kamran Akmal,5
Sikandar Raza,5
Basil Thampi,4
K Gowtham (sub),4
VVS Laxman,4
Mustafizur Rahman,4
TU Deshpande,4
KL Nagarkoti,4
GB Hogg,4
AL Menaria,4
AB Agarkar,4
LA Carseldine,4
MJ Santner,4
JPR Scantlebury-Searles,4
Shoaib Ahmed,4
T Kohli (sub),4
RS Bopara,4
DJ Willey,4
RT Ponting,4
N Wadhera,4
Abishek Porel,4
W Jaffer,4
Ankit Sharma,4
Kamran Khan,4
L Ronchi,4
VG Arora,4
MF Maharoof,4
Shoaib Malik,4
Sohail Tanvir,4
KS Bharat,4
MS Gony,4
ST Jayasuriya,4
V Shankar (sub),4
BB Sran,4
CK Kapugedera,4
P Awana,4
C Munro,4
B Sumanth,4
Umran Malik,4
P Dogra,4
PBB Rajapaksa,4
R Dhawan (sub),4
Shahid Afridi,4
AC Blizzard,4
R Rampaul,4
RV Gomez,3
AP Tare,3
B Geeves,3
Anirudh Singh,3
MA Wood,3
VR Aaron,3
AA Chavan,3
KK Nair (sub),3
KMDN Kulasekara,3
VRV Singh,3
AG Murtaza,3
AC Thomas,3
Parvez Rasool,3
Ramandeep Singh (sub),3
R Sathish (sub),3
B Sai Sudharsan,3
Anand Rajan,3
NS Naik,3
R Sai Kishore,3
AS Joseph,3
RR Raje,3
DJ Harris (sub),3
PN Mankad,3
Yashpal Singh,3
DJ Jacobs,3
B Akhil,3
LPC Silva,3
PC Valthaty,3
P Negi (sub),3
PD Collingwood,3
P Simran Singh,3
RK Singh (sub),3
T Thushara,3
A Mukund,3
R Tewatia (sub),3
Harpreet Singh,3
D Pretorius,3
Shashank Singh,3
R Shukla,3
I Udana,3
S Tyagi,3
MW Short,3
S Sreesanth,3
HC Brook,3
BR Dunk,3
CM Gautam,3
BJ Rohrer,3
Mukesh Choudhary,3
D Brevis,3
S Rana,3
Lalit Yadav (sub),3
KK Ahmed,3
Harmeet Singh,3
BB Samantray,3
Kartik Tyagi,3
M Theekshana,3
AS Rajpoot,3
B Chipli,3
TM Head,3
PN Mankad (sub),3
A Flintoff,3
BE Hendricks,3
LJ Wright,2
AD Mascarenhas,2
PVD Chameera,2
AP Dole,2
AM Salvi,2
KC Cariappa,2
JE Root,2
Karanveer Singh,2
KA Jamieson,2
DJM Short,2
A Chandila,2
GD McGrath,2
Pankaj Singh,2
A Chopra,2
TM Srivastava,2
Akash Deep,2
BMAJ Mendis,2
LE Plunkett,2
Duan Jansen,2
D Salunkhe,2
S Badree,2
CJ Ferguson,2
PA Reddy,2
AD Nath,2
AN Ahmed,2
DJ Hooda (sub),2
SB Bangar,2
RJ Quiney,2
DJ Mitchell,2
RE Levi,2
OF Smith,2
Y Gnaneswara Rao,2
MC Henriques (sub),2
ER Dwivedi,2
Salman Butt,2
TK Curran,2
Mujeeb Ur Rahman,2
SMSM Senanayake,2
IR Jaggi,2
SM Katich,2
SM Harwood,2
AM Rahane (sub),2
LR Shukla (sub),2
SD Chitnis,2
Anuj Rawat (sub),2
JP Duminy (sub),2
JP Behrendorff,2
RP Meredith,2
DJ Harris,2
SP Fleming,2
S Randiv,2
AD Hales,2
P Amarnath,2
S Sohal,2
Virat Singh,2
MD Shanaka,2
Shivam Mavi (sub),2
GD Phillips,2
AS Roy,2
SM Pollock,2
DJ Thornely,2
Naveen-ul-Haq,2
DT Christian (sub),2
CRD Fernando,2
AUK Pathan,2
Yash Dayal,2
J Yadav (sub),2
SJ Srivastava,2
VS Malik,2
KR Mayers,2
RV Patel,2
SB Styris,2
YV Dhull,2
RS Sodhi,2
JDS Neesham,2
AR Patel (sub),2
JL Pattinson,2
U Kaul,2
DT Patil,2
SS Shaikh,2
KP Appanna (sub),2
Harshit Rana,2
MN Samuels,2
KR Sen,2
AT Carey,2
FA Allen,2
Y Nagar (sub),2
DA Warner (sub),2
MW Short (sub),2
AB de Villiers (sub),2
Shoaib Malik (sub),2
PK Garg (sub),2
Mohammad Ashraful,2
K Santokie,1
JM Kemp,1
AA Bilakhia,1
TL Seifert,1
Misbah-ul-Haq,1
B Indrajith,1
Anmolpreet Singh (sub),1
Vijaykumar Vyshak,1
P Chopra (sub),1
Younis Khan,1
Yash Thakur,1
TS Mills,1
UA Birla,1
GJ Bailey (sub),1
S Lamichhane,1
CA Ingram,1
A Singh,1
P Suyal,1
Fazalhaq Farooqi,1
KM Asif,1
S Narwal,1
AS Yadav,1
BW Hilfenhaus,1
Rasikh Salam,1
UBT Chand (sub),1
MK Tiwary (sub),1
B Chipli (sub),1
UT Khawaja,1
KP Appanna,1
B Aparajith (sub),1
J Theron,1
AG Paunikar,1
NT Ellis,1
P Dubey,1
KMA Paul (sub),1
BAW Mendis,1
AN Ghosh,1
T Kohli,1
RA Jadeja (sub),1
J Syed Mohammad,1
RR Bhatkal,1
TM Dilshan (sub),1
Arshad Khan (2),1
MK Lomror (sub),1
CJ Jordan (sub),1
RG More,1
R Powell (sub),1
PV Tambe,1
O Thomas,1
Sunny Singh,1
Shivam Sharma,1
MD Mishra,1
S Vidyut,1
P Dogra (sub),1
JR Hazlewood,1
M Ntini,1
WP Saha (sub),1
NLTC Perera (sub),1
FY Fazal (sub),1
SB Wagh,1
PJ Sangwan (sub),1
S Dhawan (sub),1
H Klaasen (sub),1
PWH de Silva,1
MJ Clarke,1
N Jagadeesan,1
KS Bharat (sub),1
SSB Magala,1
RR Rossouw (sub),1
MJ McClenaghan,1
NJ Maddinson,1
D Ferreira (sub),1
A Zampa,1
MJ Santner (sub),1
S Ladda,1
CJ Green (sub),1
NL McCullum,1
Milind Kumar (sub),1
Anmolpreet Singh,1
RV Patel (sub),1
JA Richardson,1
Shakib Al Hasan (sub),1
Ankit Soni,1
GHS Garton,1
LA Pomersbach (sub),1
K Kartikeya,1
Nithish Kumar Reddy,1
Mukesh Kumar,1
D Wiese (sub),1
Mohsin Khan (2),1
L Ngidi,1
Dhruv Jurel,1
MG Bracewell,1
KB Arun Karthik (sub),1
R Vinay Kumar (sub),1
CR Brathwaite (sub),1
BR Dunk (sub),1
S Sandeep Warrier,1
R Ninan,1
MA Agarwal (sub),1
F Behardien,1
B Laughlin,1
R Goyal,1
OC McCoy,1
Akash Singh,1
SPD Smith (sub),1
WD Parnell (sub),1
SK Rasheed (sub),1
B Stanlake,1
DJ Malan,1
GD Phillips (sub),1
RJ Peterson,1
T Taibu,1
DAJ Bracewell,1
D Kalyankrishna,1
Mohammad Hafeez,1
S Midhun,1
RD Chahar (sub),1
Vishnu Vinod (sub),1
K Upadhyay,1
AS Raut (sub),1
F du Plessis (sub),1
DR Sams (sub),1
AC Voges,1
R Bishnoi,1
T Mishra,1
Simarjeet Singh,1
BB McCullum (sub),1
KAJ Roach,1
NT Ellis (sub),1
SP Goswami (sub),1
HH Pandya (sub),1
RR Sarwan,1
M Kaif (sub),1
AV Wankhade (sub),1
Noor Ahmad,1
