Player_Out,Run_Out_Count
S Dhawan,16
G Gambhir,16
SK Raina,15
AT Rayudu,15
AB de Villiers,14
KD Karthik,14
M Vijay,12
Y Venugopal Rao,11
YK Pathan,11
RG Sharma,11
A Mishra,10
DA Warner,10
PA Patel,10
F du Plessis,10
DJ Hooda,10
P Kumar,10
RV Uthappa,9
WP Saha,9
IK Pathan,9
MS Dhoni,9
SR Watson,9
SV Samson,9
V Kohli,9
DPMD Jayawardene,8
MK Pandey,8
EJG Morgan,8
AM Nayar,8
Shubman Gill,8
R Ashwin,8
PP Chawla,8
RR Pant,7
Harbhajan Singh,7
AR Patel,7
KM Jadhav,7
SP Narine,7
AM Rahane,7
V Sehwag,7
Ishan Kishan,6
SL Malinga,6
MK Tiwary,6
DJ Hussey,6
SA Yadav,6
KA Pollard,6
STR Binny,6
AD Russell,6
SR Tendulkar,6
Yuvraj Singh,6
JP Duminy,6
NV Ojha,6
SA Asnodkar,6
R Dravid,6
DR Smith,5
B Kumar,5
GJ Maxwell,5
BB McCullum,5
MS Bisla,5
RA Jadeja,5
OA Shah,5
CL White,5
Shakib Al Hasan,5
JC Buttler,5
JH Kallis,5
R Bhatia,5
SK Warne,5
SPD Smith,4
DS Kulkarni,4
RA Tripathi,4
Washington Sundar,4
P Dogra,4
PP Shaw,4
A Symonds,4
FY Fazal,4
R Sharma,4
S Badrinath,4
KS Williamson,4
P Negi,4
HV Patel,4
PP Ojha,4
K Goel,4
M Vohra,4
TM Dilshan,4
KH Pandya,4
JA Morkel,4
VVS Laxman,4
Q de Kock,4
SS Iyer,4
MEK Hussey,4
AD Mathews,4
R Vinay Kumar,4
Rashid Khan,4
DT Christian,4
MM Ali,4
Mandeep Singh,4
SE Marsh,4
SO Hetmyer,4
SS Tiwary,4
GJ Bailey,4
MA Agarwal,4
MP Stoinis,4
HH Pandya,4
RP Singh,4
Kuldeep Yadav,4
DA Miller,3
AA Jhunjhunwala,3
S Sohal,3
Tilak Varma,3
MM Sharma,3
HH Gibbs,3
L Ronchi,3
CV Varun,3
Azhar Mahmood,3
TG Southee,3
RD Gaikwad,3
K Gowtham,3
K Rabada,3
Bipul Sharma,3
N Rana,3
JD Unadkat,3
TL Suman,3
M Shahrukh Khan,3
Arshdeep Singh,3
B Lee,3
AJ Finch,3
R Sathish,3
M Ashwin,3
KL Rahul,3
MJ McClenaghan,3
KV Sharma,3
MN Samuels,3
CJ Anderson,3
WD Parnell,3
AB Agarkar,3
SN Thakur,3
C Munro,3
MR Marsh,3
CH Morris,3
DW Steyn,3
R Parag,3
ML Hayden,3
KA Jamieson,3
J Yadav,2
R Tewatia,2
M Muralitharan,2
BJ Hodge,2
DL Vettori,2
C de Grandhomme,2
TH David,2
TM Head,2
SP Goswami,2
MJ Lumb,2
L Balaji,2
M Prasidh Krishna,2
Z Khan,2
CA Lynn,2
SM Curran,2
AB Dinda,2
M Kartik,2
A Zampa,2
Harpreet Brar,2
RD Chahar,2
AD Mascarenhas,2
JJ Bumrah,2
MS Gony,2
SM Katich,2
PD Collingwood,2
MF Maharoof,2
S Dube,2
R Dhawan,2
DJM Short,2
Mohammed Shami,2
Kamran Akmal,2
RJ Peterson,2
Abdul Samad,2
A Badoni,2
VR Aaron,2
RV Patel,2
DB Das,2
CJ Jordan,2
Harshit Rana,2
A Ashish Reddy,2
SC Ganguly,2
KC Sangakkara,2
S Kaul,2
R McLaren,2
M Manhas,2
MD Mishra,2
AP Tare,2
LRPL Taylor,2
RN ten Doeschate,2
JO Holder,2
S Nadeem,2
CH Gayle,2
MA Starc,2
J Botha,2
AS Raut,2
SB Bangar,2
SS Prabhudessai,2
S Gopal,2
UT Khawaja,2
MM Patel,2
M Kaif,2
Gurkeerat Singh,2
YS Chahal,2
CA Pujara,2
UT Yadav,2
Harmeet Singh,2
JD Ryder,2
AC Gilchrist,2
KP Pietersen,2
LA Carseldine,2
A Chopra,2
DJ Bravo,2
KK Nair,2
LR Shukla,2
N Pooran,2
WPUJC Vaas,2
RK Singh,1
C Nanda,1
K Kartikeya,1
PVD Chameera,1
Imran Tahir,1
DJ Harris,1
J Arunkumar,1
JR Hopes,1
Shahbaz Ahmed,1
RT Ponting,1
S Sreesanth,1
DT Patil,1
SB Joshi,1
Iqbal Abdulla,1
M Morkel,1
BB Samantray,1
MV Boucher,1
CM Gautam,1
YBK Jaiswal,1
D Padikkal,1
VRV Singh,1
R Bishnoi,1
Mohammad Nabi,1
S Tyagi,1
RE van der Merwe,1
AC Thomas,1
DJG Sammy,1
AJ Tye,1
A Kumble,1
DH Yagnik,1
GH Vihari,1
T Henderson,1
C Sakariya,1
DG Nalkande,1
JM Bairstow,1
N Jagadeesan,1
Sunny Singh,1
A Nortje,1
Joginder Sharma,1
PJ Sangwan,1
D Salunkhe,1
MS Wade,1
PK Garg,1
RS Bopara,1
SB Wagh,1
Anuj Rawat,1
T Taibu,1
NLTC Perera,1
SS Shaikh,1
T Thushara,1
SN Khan,1
DJ Muthuswami,1
JDS Neesham,1
DB Ravi Teja,1
LA Pomersbach,1
JP Faulkner,1
Abhishek Sharma,1
KK Ahmed,1
Vishnu Vinod,1
V Shankar,1
PBB Rajapaksa,1
Sachin Baby,1
B Akhil,1
S Aravind,1
H Das,1
LJ Wright,1
CR Woakes,1
Mohammed Siraj,1
KMA Paul,1
OC McCoy,1
CR Brathwaite,1
Noor Ahmad,1
MJ Clarke,1
B Sai Sudharsan,1
Shoaib Ahmed,1
BMAJ Mendis,1
BCJ Cutting,1
Dhruv Jurel,1
AA Noffke,1
MC Henriques,1
I Sharma,1
PV Tambe,1
PA Reddy,1
KP Appanna,1
AA Chavan,1
SMSM Senanayake,1
AS Rajpoot,1
SW Billings,1
W Jaffer,1
PC Valthaty,1
CA Ingram,1
T Stubbs,1
Mohammad Asif,1
SP Fleming,1
T Kohli,1
NM Coulter-Nile,1
ST Jayasuriya,1
J Theron,1
CJ Ferguson,1
AL Menaria,1
JC Archer,1
Lalit Yadav,1
HM Amla,1
Umran Malik,1
Mukesh Choudhary,1
JE Taylor,1
PWH de Silva,1
Harpreet Singh,1
Yudhvir Singh,1
WA Mota,1
RR Sarwan,1
Ravi Bishnoi,1
TL Seifert,1
A Nel,1
P Sahu,1
BB Sran,1
S Ladda,1
Y Nagar,1
GB Hogg,1
BA Bhatt,1
Avesh Khan,1
Sandeep Sharma,1
RR Powar,1
KB Arun Karthik,1
LMP Simmons,1
MC Juneja,1
VS Yeligati,1
A Nehra,1
SD Chitnis,1
SA Abbott,1
J Suchith,1
Umar Gul,1
