bowler,bowling_team
P Kumar,Royal Challengers Bangalore
Z Khan,Royal Challengers Bangalore
AA Noffke,Royal Challengers Bangalore
JH Kallis,Royal Challengers Bangalore
SB Joshi,Royal Challengers Bangalore
CL White,Royal Challengers Bangalore
AB Dinda,Kolkata Knight Riders
I Sharma,Kolkata Knight Riders
AB Agarkar,Kolkata Knight Riders
SC Ganguly,Kolkata Knight Riders
LR Shukla,Kolkata Knight Riders
B Lee,Punjab Kings
S Sreesanth,Punjab Kings
JR Hopes,Punjab Kings
IK Pathan,Punjab Kings
K Goel,Punjab Kings
PP Chawla,Punjab Kings
WA Mota,Punjab Kings
JDP Oram,Chennai Super Kings
MS Gony,Chennai Super Kings
M Muralitharan,Chennai Super Kings
P Amarnath,Chennai Super Kings
Joginder Sharma,Chennai Super Kings
GD McGrath,Delhi Capitals
B Geeves,Delhi Capitals
MF Maharoof,Delhi Capitals
R Bhatia,Delhi Capitals
DL Vettori,Delhi Capitals
MM Patel,Rajasthan Royals
SR Watson,Rajasthan Royals
SK Trivedi,Rajasthan Royals
SK Warne,Rajasthan Royals
YK Pathan,Rajasthan Royals
D Salunkhe,Rajasthan Royals
M Kartik,Kolkata Knight Riders
Mohammad Hafeez,Kolkata Knight Riders
DJ Hussey,Kolkata Knight Riders
WPUJC Vaas,Deccan Chargers
RP Singh,Deccan Chargers
SB Styris,Deccan Chargers
SB Bangar,Deccan Chargers
A Symonds,Deccan Chargers
PP Ojha,Deccan Chargers
R Vinay Kumar,Royal Challengers Bangalore
B Akhil,Royal Challengers Bangalore
A Nehra,Mumbai Indians
SM Pollock,Mumbai Indians
DS Kulkarni,Mumbai Indians
ST Jayasuriya,Mumbai Indians
Harbhajan Singh,Mumbai Indians
AM Nayar,Mumbai Indians
Pankaj Singh,Rajasthan Royals
Mohammad Asif,Delhi Capitals
VY Mahesh,Delhi Capitals
Shahid Afridi,Deccan Chargers
DJ Bravo,Mumbai Indians
VS Yeligati,Mumbai Indians
MA Khote,Mumbai Indians
D Kalyankrishna,Deccan Chargers
VRV Singh,Punjab Kings
Sohail Tanvir,Rajasthan Royals
A Kumble,Royal Challengers Bangalore
DNT Zoysa,Deccan Chargers
SD Chitnis,Mumbai Indians
Yuvraj Singh,Punjab Kings
Shoaib Malik,Delhi Capitals
DW Steyn,Royal Challengers Bangalore
JA Morkel,Chennai Super Kings
CRD Fernando,Mumbai Indians
V Kohli,Royal Challengers Bangalore
V Sehwag,Delhi Capitals
Umar Gul,Kolkata Knight Riders
Gagandeep Singh,Punjab Kings
Y Venugopal Rao,Deccan Chargers
PJ Sangwan,Delhi Capitals
M Ntini,Chennai Super Kings
DP Vijaykumar,Deccan Chargers
SK Raina,Chennai Super Kings
S Vidyut,Chennai Super Kings
DJ Thornely,Mumbai Indians
RR Raje,Mumbai Indians
L Balaji,Chennai Super Kings
CK Kapugedera,Chennai Super Kings
AD Mascarenhas,Rajasthan Royals
A Mishra,Delhi Capitals
Shoaib Akhtar,Kolkata Knight Riders
Iqbal Abdulla,Kolkata Knight Riders
PM Sarvesh Kumar,Deccan Chargers
Abdur Razzak,Royal Challengers Bangalore
RA Jadeja,Rajasthan Royals
RR Powar,Punjab Kings
TM Dilshan,Delhi Capitals
DR Smith,Mumbai Indians
RG Sharma,Deccan Chargers
A Nel,Mumbai Indians
DB Ravi Teja,Deccan Chargers
LPC Silva,Deccan Chargers
BAW Mendis,Kolkata Knight Riders
Kamran Khan,Rajasthan Royals
T Henderson,Rajasthan Royals
JD Ryder,Royal Challengers Bangalore
T Thushara,Chennai Super Kings
A Flintoff,Chennai Super Kings
SL Malinga,Mumbai Indians
Z Khan,Mumbai Indians
DP Nannes,Delhi Capitals
AM Salvi,Delhi Capitals
YA Abdulla,Punjab Kings
VS Malik,Punjab Kings
FH Edwards,Deccan Chargers
Harmeet Singh,Deccan Chargers
CH Gayle,Kolkata Knight Riders
MC Henriques,Kolkata Knight Riders
KP Pietersen,Royal Challengers Bangalore
LRPL Taylor,Royal Challengers Bangalore
RS Bopara,Punjab Kings
A Nehra,Delhi Capitals
MK Tiwary,Delhi Capitals
Anureet Singh,Kolkata Knight Riders
RR Bose,Punjab Kings
Pankaj Singh,Royal Challengers Bangalore
DR Smith,Deccan Chargers
KP Appanna,Royal Challengers Bangalore
Shoaib Ahmed,Deccan Chargers
BJ Hodge,Kolkata Knight Riders
SR Tendulkar,Mumbai Indians
RE van der Merwe,Royal Challengers Bangalore
JP Duminy,Mumbai Indians
S Tyagi,Chennai Super Kings
GR Napier,Mumbai Indians
SB Jakati,Chennai Super Kings
SM Harwood,Rajasthan Royals
AS Raut,Rajasthan Royals
D du Preez,Royal Challengers Bangalore
RJ Harris,Deccan Chargers
TL Suman,Deccan Chargers
A Singh,Rajasthan Royals
M Morkel,Rajasthan Royals
LA Carseldine,Rajasthan Royals
SS Sarkar,Kolkata Knight Riders
A Mithun,Royal Challengers Bangalore
C Nanda,Mumbai Indians
AM Rahane,Mumbai Indians
AD Mathews,Kolkata Knight Riders
J Botha,Rajasthan Royals
Mashrafe Mortaza,Kolkata Knight Riders
AB McDonald,Delhi Capitals
Y Nagar,Delhi Capitals
CK Langeveldt,Kolkata Knight Riders
R Ashwin,Chennai Super Kings
Jaskaran Singh,Deccan Chargers
RA Shaikh,Mumbai Indians
SW Tait,Rajasthan Royals
A Uniyal,Rajasthan Royals
AA Jhunjhunwala,Rajasthan Royals
R McLaren,Mumbai Indians
AG Murtaza,Mumbai Indians
R Sathish,Mumbai Indians
JM Kemp,Chennai Super Kings
RS Gavaskar,Kolkata Knight Riders
S Ladda,Delhi Capitals
Bipul Sharma,Punjab Kings
SE Bond,Kolkata Knight Riders
KA Pollard,Mumbai Indians
S Narwal,Rajasthan Royals
UT Yadav,Delhi Capitals
SJ Srivastava,Punjab Kings
AC Voges,Rajasthan Royals
MC Henriques,Delhi Capitals
R Sharma,Deccan Chargers
J Theron,Punjab Kings
NLTC Perera,Chennai Super Kings
KAJ Roach,Deccan Chargers
PD Collingwood,Delhi Capitals
C Ganapathy,Chennai Super Kings
MB Parmar,Kolkata Knight Riders
SB Wagh,Rajasthan Royals
DE Bollinger,Chennai Super Kings
JD Unadkat,Kolkata Knight Riders
AP Dole,Rajasthan Royals
AN Ahmed,Mumbai Indians
FY Fazal,Rajasthan Royals
MR Marsh,Deccan Chargers
L Ablish,Punjab Kings
S Sriram,Royal Challengers Bangalore
AJ Finch,Rajasthan Royals
MK Tiwary,Kolkata Knight Riders
STR Binny,Mumbai Indians
ND Doshi,Royal Challengers Bangalore
YK Pathan,Kolkata Knight Riders
L Balaji,Kolkata Knight Riders
JH Kallis,Kolkata Knight Riders
S Ladda,Kolkata Knight Riders
R Bhatia,Kolkata Knight Riders
TG Southee,Chennai Super Kings
S Randiv,Chennai Super Kings
JDP Oram,Rajasthan Royals
AL Menaria,Rajasthan Royals
STR Binny,Rajasthan Royals
DW Steyn,Deccan Chargers
I Sharma,Deccan Chargers
DT Christian,Deccan Chargers
A Mishra,Deccan Chargers
DP Nannes,Royal Challengers Bangalore
DL Vettori,Royal Challengers Bangalore
TM Dilshan,Royal Challengers Bangalore
AUK Pathan,Royal Challengers Bangalore
RP Singh,Kochi Tuskers Kerala
S Sreesanth,Kochi Tuskers Kerala
RA Jadeja,Kochi Tuskers Kerala
R Vinay Kumar,Kochi Tuskers Kerala
M Muralitharan,Kochi Tuskers Kerala
RV Gomez,Kochi Tuskers Kerala
AC Thomas,Pune Warriors
SB Wagh,Pune Warriors
WD Parnell,Pune Warriors
M Kartik,Pune Warriors
JD Ryder,Pune Warriors
M Manhas,Pune Warriors
R Sharma,Pune Warriors
P Kumar,Punjab Kings
NJ Rimmington,Punjab Kings
R McLaren,Punjab Kings
AM Nayar,Punjab Kings
MM Patel,Mumbai Indians
JEC Franklin,Mumbai Indians
AB Dinda,Delhi Capitals
M Morkel,Delhi Capitals
IK Pathan,Delhi Capitals
RE van der Merwe,Delhi Capitals
AJ Finch,Delhi Capitals
JP Duminy,Deccan Chargers
RN ten Doeschate,Kolkata Knight Riders
S Nadeem,Delhi Capitals
Yuvraj Singh,Pune Warriors
BJ Hodge,Kochi Tuskers Kerala
RJ Harris,Punjab Kings
BA Bhatt,Punjab Kings
SB Styris,Chennai Super Kings
JJ van der Wath,Royal Challengers Bangalore
S Aravind,Royal Challengers Bangalore
R Ninan,Royal Challengers Bangalore
MS Gony,Deccan Chargers
B Lee,Kolkata Knight Riders
Shakib Al Hasan,Kolkata Knight Riders
ND Doshi,Rajasthan Royals
NLTC Perera,Kochi Tuskers Kerala
RR Powar,Kochi Tuskers Kerala
PC Valthaty,Punjab Kings
Y Venugopal Rao,Delhi Capitals
JR Hopes,Delhi Capitals
AA Jhunjhunwala,Pune Warriors
S Dhawan,Deccan Chargers
J Syed Mohammad,Royal Challengers Bangalore
CH Gayle,Royal Challengers Bangalore
RG Sharma,Mumbai Indians
DJ Hussey,Punjab Kings
VR Aaron,Delhi Capitals
AB Agarkar,Delhi Capitals
NL McCullum,Pune Warriors
JE Taylor,Pune Warriors
KMDN Kulasekara,Chennai Super Kings
MR Marsh,Pune Warriors
Kamran Khan,Pune Warriors
B Akhil,Kochi Tuskers Kerala
TL Suman,Mumbai Indians
A Symonds,Mumbai Indians
P Parameswaran,Kochi Tuskers Kerala
I Malhotra,Deccan Chargers
B Chipli,Deccan Chargers
B Kumar,Pune Warriors
DJ Bravo,Chennai Super Kings
CK Langeveldt,Royal Challengers Bangalore
AA Kazi,Royal Challengers Bangalore
LRPL Taylor,Rajasthan Royals
Anand Rajan,Deccan Chargers
S Sriram,Delhi Capitals
P Prasanth,Kochi Tuskers Kerala
Y Gnaneswara Rao,Kochi Tuskers Kerala
AA Chavan,Rajasthan Royals
S Rana,Pune Warriors
JP Faulkner,Pune Warriors
SS Mundhe,Pune Warriors
RW Price,Mumbai Indians
PP Ojha,Mumbai Indians
RA Jadeja,Chennai Super Kings
GJ Maxwell,Delhi Capitals
M de Lange,Kolkata Knight Riders
AB Dinda,Pune Warriors
MN Samuels,Pune Warriors
JP Faulkner,Punjab Kings
Harmeet Singh,Punjab Kings
KK Cooper,Rajasthan Royals
BJ Hodge,Rajasthan Royals
Ankit Sharma,Deccan Chargers
DJ Harris,Deccan Chargers
TP Sudhindra,Deccan Chargers
F du Plessis,Chennai Super Kings
DAJ Bracewell,Delhi Capitals
AB McDonald,Royal Challengers Bangalore
M Muralitharan,Royal Challengers Bangalore
HV Patel,Royal Challengers Bangalore
AD Mascarenhas,Punjab Kings
A Nehra,Pune Warriors
SP Narine,Kolkata Knight Riders
CL White,Deccan Chargers
KP Pietersen,Delhi Capitals
GB Hogg,Rajasthan Royals
RR Bhatkal,Royal Challengers Bangalore
P Awana,Punjab Kings
AD Mathews,Pune Warriors
VY Mahesh,Chennai Super Kings
RP Singh,Mumbai Indians
CJ McKay,Mumbai Indians
V Pratap Singh,Deccan Chargers
Azhar Mahmood,Punjab Kings
SC Ganguly,Pune Warriors
NLTC Perera,Mumbai Indians
A Chandila,Rajasthan Royals
P Negi,Delhi Capitals
LJ Wright,Pune Warriors
RJ Peterson,Mumbai Indians
J Theron,Deccan Chargers
A Ashish Reddy,Deccan Chargers
R Shukla,Mumbai Indians
MJ Clarke,Pune Warriors
AA Jhunjhunwala,Deccan Chargers
BW Hilfenhaus,Chennai Super Kings
P Parameswaran,Royal Challengers Bangalore
PJ Sangwan,Kolkata Knight Riders
SPD Smith,Pune Warriors
AD Russell,Delhi Capitals
K Upadhyay,Pune Warriors
AG Murtaza,Pune Warriors
Sunny Gupta,Delhi Capitals
J Botha,Delhi Capitals
MG Johnson,Mumbai Indians
JJ Bumrah,Mumbai Indians
JDP Oram,Mumbai Indians
JD Unadkat,Royal Challengers Bangalore
DT Christian,Royal Challengers Bangalore
M Kartik,Royal Challengers Bangalore
DW Steyn,Sunrisers Hyderabad
I Sharma,Sunrisers Hyderabad
NLTC Perera,Sunrisers Hyderabad
A Mishra,Sunrisers Hyderabad
CL White,Sunrisers Hyderabad
A Ashish Reddy,Sunrisers Hyderabad
S Badree,Rajasthan Royals
S Sreesanth,Rajasthan Royals
R Shukla,Rajasthan Royals
DP Nannes,Chennai Super Kings
AS Rajpoot,Chennai Super Kings
B Laughlin,Chennai Super Kings
GH Vihari,Sunrisers Hyderabad
Ankit Sharma,Sunrisers Hyderabad
MC Henriques,Royal Challengers Bangalore
Mohammed Shami,Kolkata Knight Riders
RP Singh,Royal Challengers Bangalore
BMAJ Mendis,Delhi Capitals
CH Morris,Chennai Super Kings
R Sathish,Punjab Kings
R McLaren,Kolkata Knight Riders
Harmeet Singh (2),Rajasthan Royals
JP Faulkner,Rajasthan Royals
Anand Rajan,Sunrisers Hyderabad
S Kaul,Delhi Capitals
AJ Finch,Pune Warriors
R Dhawan,Mumbai Indians
MM Sharma,Chennai Super Kings
R Rampaul,Royal Challengers Bangalore
KV Sharma,Sunrisers Hyderabad
SMSM Senanayake,Kolkata Knight Riders
AM Nayar,Pune Warriors
MS Gony,Punjab Kings
BAW Mendis,Pune Warriors
JO Holder,Chennai Super Kings
IC Pandey,Pune Warriors
YS Chahal,Mumbai Indians
DJG Sammy,Sunrisers Hyderabad
KW Richardson,Pune Warriors
TL Suman,Pune Warriors
S Narwal,Kolkata Knight Riders
P Suyal,Mumbai Indians
MG Neser,Punjab Kings
PV Tambe,Rajasthan Royals
BJ Rohrer,Delhi Capitals
Parvez Rasool,Pune Warriors
GJ Maxwell,Mumbai Indians
Sandeep Sharma,Punjab Kings
VS Malik,Rajasthan Royals
RV Gomez,Pune Warriors
NM Coulter-Nile,Mumbai Indians
AC Gilchrist,Punjab Kings
CJ Anderson,Mumbai Indians
R Vinay Kumar,Kolkata Knight Riders
M Morkel,Kolkata Knight Riders
PP Chawla,Kolkata Knight Riders
MA Starc,Royal Challengers Bangalore
JA Morkel,Royal Challengers Bangalore
VR Aaron,Royal Challengers Bangalore
YS Chahal,Royal Challengers Bangalore
AB Dinda,Royal Challengers Bangalore
Yuvraj Singh,Royal Challengers Bangalore
JP Duminy,Delhi Capitals
Mohammed Shami,Delhi Capitals
WD Parnell,Delhi Capitals
R Sharma,Delhi Capitals
JDS Neesham,Delhi Capitals
AR Patel,Punjab Kings
MG Johnson,Punjab Kings
L Balaji,Punjab Kings
R Dhawan,Punjab Kings
GJ Maxwell,Punjab Kings
A Nehra,Chennai Super Kings
P Negi,Chennai Super Kings
DR Smith,Chennai Super Kings
DS Kulkarni,Rajasthan Royals
KW Richardson,Rajasthan Royals
R Bhatia,Rajasthan Royals
B Kumar,Sunrisers Hyderabad
NM Coulter-Nile,Delhi Capitals
JD Unadkat,Delhi Capitals
M Kartik,Punjab Kings
M Vijay,Delhi Capitals
IC Pandey,Chennai Super Kings
IK Pathan,Sunrisers Hyderabad
TG Southee,Rajasthan Royals
UT Yadav,Kolkata Knight Riders
LR Shukla,Delhi Capitals
Y Venugopal Rao,Sunrisers Hyderabad
Iqbal Abdulla,Rajasthan Royals
AD Russell,Kolkata Knight Riders
R Tewatia,Rajasthan Royals
SA Yadav,Kolkata Knight Riders
MC Henriques,Sunrisers Hyderabad
Shivam Sharma,Punjab Kings
S Badree,Chennai Super Kings
P Kumar,Mumbai Indians
Imran Tahir,Delhi Capitals
R Shukla,Delhi Capitals
V Shankar,Chennai Super Kings
Ankit Sharma,Rajasthan Royals
AN Ahmed,Royal Challengers Bangalore
LMP Simmons,Mumbai Indians
BCJ Cutting,Rajasthan Royals
S Rana,Royal Challengers Bangalore
DJ Hussey,Chennai Super Kings
BE Hendricks,Punjab Kings
K Santokie,Mumbai Indians
S Gopal,Mumbai Indians
Parvez Rasool,Sunrisers Hyderabad
PJ Cummins,Kolkata Knight Riders
JW Hastings,Chennai Super Kings
M de Lange,Mumbai Indians
Karanveer Singh,Punjab Kings
SB Jakati,Royal Challengers Bangalore
JO Holder,Sunrisers Hyderabad
Anureet Singh,Punjab Kings
NLTC Perera,Punjab Kings
CH Morris,Rajasthan Royals
DJ Hooda,Rajasthan Royals
Iqbal Abdulla,Royal Challengers Bangalore
D Wiese,Royal Challengers Bangalore
MJ McClenaghan,Mumbai Indians
HH Pandya,Mumbai Indians
DJ Muthuswami,Delhi Capitals
AD Mathews,Delhi Capitals
J Botha,Kolkata Knight Riders
P Kumar,Sunrisers Hyderabad
Bipul Sharma,Sunrisers Hyderabad
RS Bopara,Sunrisers Hyderabad
R Vinay Kumar,Mumbai Indians
JA Morkel,Delhi Capitals
SA Abbott,Royal Challengers Bangalore
DJG Sammy,Royal Challengers Bangalore
KC Cariappa,Kolkata Knight Riders
TA Boult,Sunrisers Hyderabad
Yuvraj Singh,Delhi Capitals
J Suchith,Mumbai Indians
M Vijay,Punjab Kings
GB Hogg,Kolkata Knight Riders
RG More,Chennai Super Kings
Z Khan,Delhi Capitals
SN Thakur,Punjab Kings
J Theron,Rajasthan Royals
GS Sandhu,Delhi Capitals
Gurkeerat Singh,Punjab Kings
J Yadav,Delhi Capitals
Azhar Mahmood,Kolkata Knight Riders
BB Sran,Rajasthan Royals
RP Singh,Rising Pune Supergiant
I Sharma,Rising Pune Supergiant
MR Marsh,Rising Pune Supergiant
R Bhatia,Rising Pune Supergiant
M Ashwin,Rising Pune Supergiant
R Ashwin,Rising Pune Supergiant
JW Hastings,Kolkata Knight Riders
C Munro,Kolkata Knight Riders
CH Morris,Delhi Capitals
CR Brathwaite,Delhi Capitals
P Kumar,Gujarat Lions
PJ Sangwan,Gujarat Lions
JP Faulkner,Gujarat Lions
S Ladda,Gujarat Lions
RA Jadeja,Gujarat Lions
DJ Bravo,Gujarat Lions
MM Sharma,Punjab Kings
MP Stoinis,Punjab Kings
P Sahu,Punjab Kings
A Nehra,Sunrisers Hyderabad
Mustafizur Rahman,Sunrisers Hyderabad
AF Milne,Royal Challengers Bangalore
SR Watson,Royal Challengers Bangalore
Parvez Rasool,Royal Challengers Bangalore
TG Southee,Mumbai Indians
Kuldeep Yadav,Kolkata Knight Riders
SB Jakati,Gujarat Lions
PV Tambe,Gujarat Lions
BB Sran,Sunrisers Hyderabad
DS Kulkarni,Gujarat Lions
KH Pandya,Mumbai Indians
KJ Abbott,Punjab Kings
Ankit Sharma,Rising Pune Supergiant
IK Pathan,Rising Pune Supergiant
NLTC Perera,Rising Pune Supergiant
KW Richardson,Royal Challengers Bangalore
STR Binny,Royal Challengers Bangalore
DJ Hooda,Sunrisers Hyderabad
DW Steyn,Gujarat Lions
SK Raina,Gujarat Lions
T Shamsi,Royal Challengers Bangalore
R Sathish,Kolkata Knight Riders
JA Morkel,Rising Pune Supergiant
AB Dinda,Rising Pune Supergiant
DR Smith,Gujarat Lions
S Kaushik,Gujarat Lions
JO Holder,Kolkata Knight Riders
KC Cariappa,Punjab Kings
SM Boland,Rising Pune Supergiant
Swapnil Singh,Punjab Kings
Yuvraj Singh,Sunrisers Hyderabad
CJ Jordan,Royal Challengers Bangalore
A Zampa,Rising Pune Supergiant
Sachin Baby,Royal Challengers Bangalore
AS Rajpoot,Kolkata Knight Riders
BCJ Cutting,Sunrisers Hyderabad
N Rana,Mumbai Indians
DL Chahar,Rising Pune Supergiant
KS Williamson,Sunrisers Hyderabad
TS Mills,Royal Challengers Bangalore
A Choudhary,Royal Challengers Bangalore
TM Head,Royal Challengers Bangalore
Rashid Khan,Sunrisers Hyderabad
BA Stokes,Rising Pune Supergiant
Imran Tahir,Rising Pune Supergiant
TA Boult,Kolkata Knight Riders
CR Woakes,Kolkata Knight Riders
MS Gony,Gujarat Lions
PJ Cummins,Delhi Capitals
B Stanlake,Royal Challengers Bangalore
P Negi,Royal Challengers Bangalore
T Natarajan,Punjab Kings
DT Christian,Rising Pune Supergiant
RD Chahar,Rising Pune Supergiant
Tejas Baroka,Gujarat Lions
Basil Thampi,Gujarat Lions
VR Aaron,Punjab Kings
CJ Anderson,Delhi Capitals
C de Grandhomme,Kolkata Knight Riders
I Sharma,Punjab Kings
S Badree,Royal Challengers Bangalore
AJ Tye,Gujarat Lions
LH Ferguson,Rising Pune Supergiant
SN Thakur,Rising Pune Supergiant
MM Patel,Gujarat Lions
JD Unadkat,Rising Pune Supergiant
NM Coulter-Nile,Kolkata Knight Riders
S Kaul,Sunrisers Hyderabad
Mohammad Nabi,Sunrisers Hyderabad
Mohammed Siraj,Sunrisers Hyderabad
K Rabada,Delhi Capitals
Washington Sundar,Rising Pune Supergiant
SS Agarwal,Gujarat Lions
NB Singh,Gujarat Lions
KV Sharma,Mumbai Indians
RA Tripathi,Rising Pune Supergiant
Ankit Soni,Gujarat Lions
IK Pathan,Gujarat Lions
MN Samuels,Delhi Capitals
MJ Henry,Punjab Kings
R Tewatia,Punjab Kings
Avesh Khan,Royal Challengers Bangalore
CJ Jordan,Sunrisers Hyderabad
DL Chahar,Chennai Super Kings
Harbhajan Singh,Chennai Super Kings
Imran Tahir,Chennai Super Kings
NA Saini,Royal Challengers Bangalore
MM Ali,Royal Challengers Bangalore
UT Yadav,Royal Challengers Bangalore
Mohammed Siraj,Royal Challengers Bangalore
S Dube,Royal Challengers Bangalore
M Prasidh Krishna,Kolkata Knight Riders
LH Ferguson,Kolkata Knight Riders
N Rana,Kolkata Knight Riders
Shakib Al Hasan,Sunrisers Hyderabad
Sandeep Sharma,Sunrisers Hyderabad
Rasikh Salam,Mumbai Indians
BCJ Cutting,Mumbai Indians
TA Boult,Delhi Capitals
I Sharma,Delhi Capitals
R Tewatia,Delhi Capitals
KMA Paul,Delhi Capitals
AR Patel,Delhi Capitals
K Gowtham,Rajasthan Royals
JC Archer,Rajasthan Royals
BA Stokes,Rajasthan Royals
JD Unadkat,Rajasthan Royals
S Gopal,Rajasthan Royals
SM Curran,Punjab Kings
Mujeeb Ur Rahman,Punjab Kings
Mohammed Shami,Punjab Kings
R Ashwin,Punjab Kings
AS Rajpoot,Punjab Kings
SN Thakur,Chennai Super Kings
CV Varun,Punjab Kings
GC Viljoen,Punjab Kings
AJ Tye,Punjab Kings
Mandeep Singh,Punjab Kings
C de Grandhomme,Royal Challengers Bangalore
M Markande,Mumbai Indians
S Nadeem,Sunrisers Hyderabad
V Shankar,Sunrisers Hyderabad
M Ashwin,Punjab Kings
S Lamichhane,Delhi Capitals
HV Patel,Delhi Capitals
P Ray Barman,Royal Challengers Bangalore
MJ Santner,Chennai Super Kings
Avesh Khan,Delhi Capitals
GH Vihari,Delhi Capitals
VR Aaron,Rajasthan Royals
MP Stoinis,Royal Challengers Bangalore
JP Behrendorff,Mumbai Indians
RD Chahar,Mumbai Indians
TG Southee,Royal Challengers Bangalore
SC Kuggeleijn,Chennai Super Kings
YK Pathan,Sunrisers Hyderabad
AS Joseph,Mumbai Indians
HF Gurney,Kolkata Knight Riders
S Midhun,Rajasthan Royals
R Parag,Rajasthan Royals
CR Brathwaite,Kolkata Knight Riders
LS Livingstone,Rajasthan Royals
SN Khan,Punjab Kings
KK Ahmed,Sunrisers Hyderabad
Abhishek Sharma,Sunrisers Hyderabad
IS Sodhi,Rajasthan Royals
Arshdeep Singh,Punjab Kings
KV Sharma,Chennai Super Kings
SR Watson,Chennai Super Kings
MA Wood,Chennai Super Kings
Mustafizur Rahman,Mumbai Indians
DT Christian,Delhi Capitals
MG Johnson,Kolkata Knight Riders
CR Woakes,Royal Challengers Bangalore
Washington Sundar,Royal Challengers Bangalore
K Khejroliya,Royal Challengers Bangalore
B Stanlake,Sunrisers Hyderabad
B Laughlin,Rajasthan Royals
DJM Short,Rajasthan Royals
TK Curran,Kolkata Knight Riders
PJ Sangwan,Mumbai Indians
A Dananjaya,Mumbai Indians
Shivam Mavi,Kolkata Knight Riders
BB Sran,Punjab Kings
V Shankar,Delhi Capitals
CJ Anderson,Royal Challengers Bangalore
LE Plunkett,Delhi Capitals
Basil Thampi,Sunrisers Hyderabad
MK Tiwary,Punjab Kings
MK Lomror,Rajasthan Royals
M Ashwin,Royal Challengers Bangalore
L Ngidi,Chennai Super Kings
KM Asif,Chennai Super Kings
DJ Willey,Chennai Super Kings
Anureet Singh,Rajasthan Royals
JPR Scantlebury-Searles,Kolkata Knight Riders
CJ Dala,Delhi Capitals
CR Brathwaite,Sunrisers Hyderabad
J Yadav,Mumbai Indians
SE Rutherford,Delhi Capitals
Harpreet Brar,Punjab Kings
Y Prithvi Raj,Kolkata Knight Riders
O Thomas,Rajasthan Royals
AS Roy,Mumbai Indians
BB Sran,Mumbai Indians
S Sandeep Warrier,Kolkata Knight Riders
J Suchith,Delhi Capitals
SM Curran,Chennai Super Kings
PP Chawla,Chennai Super Kings
TA Boult,Mumbai Indians
JL Pattinson,Mumbai Indians
SS Cottrell,Punjab Kings
CJ Jordan,Punjab Kings
K Gowtham,Punjab Kings
Ravi Bishnoi,Punjab Kings
A Nortje,Delhi Capitals
MM Sharma,Delhi Capitals
R Ashwin,Delhi Capitals
MP Stoinis,Delhi Capitals
T Natarajan,Sunrisers Hyderabad
MR Marsh,Sunrisers Hyderabad
TK Curran,Rajasthan Royals
JR Hazlewood,Chennai Super Kings
JDS Neesham,Punjab Kings
CV Varun,Kolkata Knight Riders
KL Nagarkoti,Kolkata Knight Riders
AS Rajpoot,Rajasthan Royals
I Udana,Royal Challengers Bangalore
A Zampa,Royal Challengers Bangalore
Abdul Samad,Sunrisers Hyderabad
Kartik Tyagi,Rajasthan Royals
AJ Tye,Rajasthan Royals
CH Morris,Royal Challengers Bangalore
TU Deshpande,Delhi Capitals
CJ Green,Kolkata Knight Riders
Shahbaz Ahmed,Royal Challengers Bangalore
DJ Hooda,Punjab Kings
DR Sams,Delhi Capitals
Monu Kumar,Chennai Super Kings
DA Warner,Sunrisers Hyderabad
CH Gayle,Punjab Kings
P Dubey,Delhi Capitals
KA Jamieson,Royal Challengers Bangalore
M Jansen,Mumbai Indians
CR Woakes,Delhi Capitals
TK Curran,Delhi Capitals
MM Ali,Chennai Super Kings
Harbhajan Singh,Kolkata Knight Riders
C Sakariya,Rajasthan Royals
Mustafizur Rahman,Rajasthan Royals
S Dube,Rajasthan Royals
JA Richardson,Punjab Kings
RP Meredith,Punjab Kings
Mujeeb Ur Rahman,Sunrisers Hyderabad
AF Milne,Mumbai Indians
GJ Maxwell,Royal Challengers Bangalore
LI Meriwala,Delhi Capitals
Lalit Yadav,Delhi Capitals
Jalaj S Saxena,Punjab Kings
FA Allen,Punjab Kings
MC Henriques,Punjab Kings
J Suchith,Sunrisers Hyderabad
DR Sams,Royal Challengers Bangalore
JDS Neesham,Mumbai Indians
PWH de Silva,Royal Challengers Bangalore
IC Porel,Punjab Kings
AU Rashid,Punjab Kings
T Shamsi,Rajasthan Royals
NT Ellis,Punjab Kings
VR Iyer,Kolkata Knight Riders
TG Southee,Kolkata Knight Riders
AK Markram,Punjab Kings
GHS Garton,Royal Challengers Bangalore
Akash Singh,Rajasthan Royals
M Markande,Rajasthan Royals
GD Phillips,Rajasthan Royals
Umran Malik,Sunrisers Hyderabad
K Yadav,Rajasthan Royals
PP Chawla,Mumbai Indians
RV Patel,Delhi Capitals
TU Deshpande,Chennai Super Kings
AF Milne,Chennai Super Kings
S Dube,Chennai Super Kings
SN Thakur,Delhi Capitals
KK Ahmed,Delhi Capitals
KL Nagarkoti,Delhi Capitals
Kuldeep Yadav,Delhi Capitals
DR Sams,Mumbai Indians
Basil Thampi,Mumbai Indians
M Ashwin,Mumbai Indians
TS Mills,Mumbai Indians
OF Smith,Punjab Kings
RD Chahar,Punjab Kings
LS Livingstone,Punjab Kings
DJ Willey,Royal Challengers Bangalore
Akash Deep,Royal Challengers Bangalore
Mohammed Shami,Gujarat Titans
VR Aaron,Gujarat Titans
LH Ferguson,Gujarat Titans
HH Pandya,Gujarat Titans
Rashid Khan,Gujarat Titans
PVD Chameera,Lucknow Super Giants
Avesh Khan,Lucknow Super Giants
Mohsin Khan (2),Lucknow Super Giants
Ravi Bishnoi,Lucknow Super Giants
KH Pandya,Lucknow Super Giants
DJ Hooda,Lucknow Super Giants
R Shepherd,Sunrisers Hyderabad
Washington Sundar,Sunrisers Hyderabad
TA Boult,Rajasthan Royals
M Prasidh Krishna,Rajasthan Royals
NM Coulter-Nile,Rajasthan Royals
R Ashwin,Rajasthan Royals
YS Chahal,Rajasthan Royals
AJ Tye,Lucknow Super Giants
Mukesh Choudhary,Chennai Super Kings
D Pretorius,Chennai Super Kings
K Rabada,Punjab Kings
NA Saini,Rajasthan Royals
Mustafizur Rahman,Delhi Capitals
V Shankar,Gujarat Titans
R Tewatia,Gujarat Titans
CJ Jordan,Chennai Super Kings
VG Arora,Punjab Kings
JO Holder,Lucknow Super Giants
YBK Jaiswal,Rajasthan Royals
Rasikh Salam,Kolkata Knight Riders
Tilak Varma,Mumbai Indians
K Gowtham,Lucknow Super Giants
DG Nalkande,Gujarat Titans
M Jansen,Sunrisers Hyderabad
AK Markram,Sunrisers Hyderabad
M Theekshana,Chennai Super Kings
JD Unadkat,Mumbai Indians
D Brevis,Mumbai Indians
R Powell,Delhi Capitals
KR Sen,Rajasthan Royals
JR Hazlewood,Royal Challengers Bangalore
JDS Neesham,Rajasthan Royals
Yash Dayal,Gujarat Titans
Shashank Singh,Sunrisers Hyderabad
Aman Hakim Khan,Kolkata Knight Riders
FA Allen,Mumbai Indians
MP Stoinis,Lucknow Super Giants
AS Joseph,Gujarat Titans
OC McCoy,Rajasthan Royals
RP Meredith,Mumbai Indians
HR Shokeen,Mumbai Indians
A Badoni,Lucknow Super Giants
DJ Mitchell,Rajasthan Royals
C Sakariya,Delhi Capitals
Harshit Rana,Kolkata Knight Riders
SS Iyer,Kolkata Knight Riders
PJ Sangwan,Gujarat Titans
K Kartikeya,Mumbai Indians
Simarjeet Singh,Chennai Super Kings
AS Roy,Kolkata Knight Riders
SA Abbott,Sunrisers Hyderabad
Kartik Tyagi,Sunrisers Hyderabad
S Gopal,Sunrisers Hyderabad
MR Marsh,Delhi Capitals
Fazalhaq Farooqi,Sunrisers Hyderabad
MK Lomror,Royal Challengers Bangalore
R Sai Kishore,Gujarat Titans
Ramandeep Singh,Mumbai Indians
PH Solanki,Chennai Super Kings
M Pathirana,Chennai Super Kings
R Sanjay Yadav,Mumbai Indians
S Kaul,Royal Challengers Bangalore
J Little,Gujarat Titans
RS Hangargekar,Chennai Super Kings
SN Thakur,Kolkata Knight Riders
Sikandar Raza,Punjab Kings
Mukesh Kumar,Delhi Capitals
KR Mayers,Lucknow Super Giants
JD Unadkat,Lucknow Super Giants
MA Wood,Lucknow Super Giants
AU Rashid,Sunrisers Hyderabad
KM Asif,Rajasthan Royals
JO Holder,Rajasthan Royals
RJW Topley,Royal Challengers Bangalore
KV Sharma,Royal Challengers Bangalore
MG Bracewell,Royal Challengers Bangalore
Arshad Khan (2),Mumbai Indians
JC Archer,Mumbai Indians
C Green,Mumbai Indians
Yash Thakur,Lucknow Super Giants
BA Stokes,Chennai Super Kings
Suyash Sharma,Kolkata Knight Riders
A Mishra,Lucknow Super Giants
Sandeep Sharma,Rajasthan Royals
M Ashwin,Rajasthan Royals
SSB Magala,Chennai Super Kings
M Markande,Sunrisers Hyderabad
Mohit Rathee,Punjab Kings
WD Parnell,Royal Challengers Bangalore
Akash Singh,Chennai Super Kings
A Zampa,Rajasthan Royals
MM Sharma,Gujarat Titans
MW Short,Punjab Kings
Vijaykumar Vyshak,Royal Challengers Bangalore
Yudhvir Singh,Lucknow Super Giants
Arjun Tendulkar,Mumbai Indians
Duan Jansen,Mumbai Indians
Noor Ahmad,Gujarat Titans
Naveen-ul-Haq,Lucknow Super Giants
K Khejroliya,Kolkata Knight Riders
Mayank Dagar,Sunrisers Hyderabad
J Yadav,Gujarat Titans
D Wiese,Kolkata Knight Riders
VG Arora,Kolkata Knight Riders
Gurnoor Brar,Punjab Kings
AJ Hosein,Sunrisers Hyderabad
Akash Madhwal,Mumbai Indians
R Goyal,Mumbai Indians
T Stubbs,Mumbai Indians
Swapnil Singh,Lucknow Super Giants
Vivrant Sharma,Sunrisers Hyderabad
CJ Jordan,Mumbai Indians
JE Root,Rajasthan Royals
GD Phillips,Sunrisers Hyderabad
Nithish Kumar Reddy,Sunrisers Hyderabad
H Sharma,Royal Challengers Bangalore
